Time,Thrust,Altitude,Impact Time,Pressure, Drag
7.0199999988763,5898.13555908203,5.96229842957109, 8.29931820098734, 8.8908849207357E-06, 2.52229366749098
0.0199999999967986,5898.13604736328,5.9747757781297, 1.26414753865306, 0.000802165951777654, 1.97865027484087
0.119999999980791,5898.13842773438,6.00798676349223, 1.39360006453996, 0.0055883577772243, 1.98373295564529
0.219999999964784,5898.14172363281,6.06157605536282, 1.52559318766791, 0.0146057399999959, 1.9888235865736
0.319999999948777,5898.14642333984,6.13554941583425, 1.65994968120671, 0.0277474290179779, 1.99391676020077
0.41999999993277,5898.15270996094,6.22991600818932, 1.79687126649765, 0.0450821255980804, 1.99901922625971
0.519999999916763,5898.16040039063,6.3445390611887, 1.93639391880453, 0.0666577208696845, 2.00413057597278
0.619999999900756,5898.16943359375,6.47964481078088, 2.07845637518373, 0.0925090872436506, 2.0092489619924
0.719999999884749,5898.18017578125,6.63540131691843, 2.22298790947085, 0.122810751308957, 2.01437797785444
0.819999999868742,5898.19219970703,6.8119067857042, 2.37053821938212, 0.157957803959426, 2.01950963149582
0.919999999852735,5898.20562744141,7.00949293375015, 2.52043326557495, 0.197856218122601, 2.02465137461762
1.01999999983673,5898.22052001953,7.22805360890925, 2.67249044596395, 0.242009792039822, 2.02963467451605
1.11999999982072,5898.23724365234,7.467664453201, 2.82643760522031, 0.290942993902065, 2.03190556019511
1.21999999980471,5898.25531005859,7.7283151242882, 2.9815985297725, 0.344284210697098, 2.0298679368868
1.31999999978871,5898.27502441406,8.0099912174046, 3.13806499037831, 0.40183027555213, 2.02535314535335
1.4199999997727,5898.29571533203,8.31249580904841, 3.29632058528935, 0.463792661756515, 2.02142971521095
1.51999999975669,5898.31842041016,8.63610482774675, 3.45660546425849, 0.530430991767242, 2.02115597904757
1.61999999974068,5898.34246826172,8.9805546887219, 3.61917525018314, 0.601248442282113, 2.02638500753478
1.71999999972468,5898.36773681641,9.34614392463118, 3.78447006266485, 0.676984413949088, 2.03733341360669
1.81999999970867,5898.39471435547,9.73296557273716, 3.95218007794726, 0.757963182623965, 2.05265379431911
1.91999999969266,5898.42309570313,10.1412339778617, 4.12202673728035, 0.84411048708618, 2.07030018749226
2.01999999967666,5898.45343017578,10.5709778554738, 4.29372736340616, 0.935781707078862, 2.08843606171178
2.11999999966065,5898.48455810547,11.0225455993786, 4.46697107029946, 1.03285951856967, 2.10606273092127
2.21999999964464,5898.51794433594,11.4960514521226, 4.64132395823948, 1.13555153160194, 2.12132821182946
2.31999999962864,5898.55230712891,11.9915800048038, 4.81611309904428, 1.24348434776039, 2.13206876178849
2.41999999961263,5898.58880615234,12.5092020919546, 4.9908892042376, 1.35675561222892, 2.13710206209911
2.51999999959662,5898.62670898438,13.0489597748965, 5.16549606421184, 1.47544787228347, 2.13667811746802
2.61999999958061,5898.66595458984,13.6107877837494, 5.33980518230636, 1.59839810452479, 2.13272421250628
2.71999999956461,5898.70666503906,14.1946357442066, 5.51462199733271, 1.72602226180373, 2.12829873371459
2.8199999995486,5898.74938964844,14.8004938010126, 5.6907051091916, 1.85832362516442, 2.12659572865493
2.91999999953259,5898.79309082031,15.4283636575565, 5.86861655360059, 1.99556667824092, 2.12920825853212
3.01999999951659,5898.83892822266,16.0783570362255, 6.04797137820067, 2.13816786282699, 2.13438946724734
3.11999999950058,5898.88592529297,16.7503354186192, 6.2280641780188, 2.28608154069898, 2.13969942044413
3.21999999948457,5898.93499755859,17.4446378024295, 6.40888009253812, 2.43940839798739, 2.14501769917295
3.31999999946856,5898.98504638672,18.1609989516437, 6.59030708044074, 2.59763320848078, 2.15034228463618
3.41999999945256,5899.03692626953,18.8997502410784, 6.77241847521941, 2.7612051916315, 2.15567678617267
3.51999999943655,5899.09039306641,19.6607003258541, 6.9552283950665, 2.93020357995093, 2.16101868430423
3.61999999942054,5899.14508056641,20.4441154440865, 7.13875327617447, 3.10516202354793, 2.16636567081074
3.71999999940454,5899.20233154297,21.2499886946753, 7.32272950706255, 3.28548230008428, 2.17172584198878
3.81999999938853,5899.26007080078,22.0784112634137, 7.5073619291623, 3.47069970604385, 2.17708689793852
3.91999999937252,5899.31976318359,22.9292087312788, 7.69249973957307, 3.66190339405587, 2.18246383256716
4.01999999935651,5899.38140869141,23.8024043580517, 7.87776171960495, 3.85601724956445, 2.18800993256665
4.11999999934051,5899.44458007813,24.6982584279031, 8.06489108473775, 4.05824142574752, 2.19632636515339
4.2199999993245,5899.50885009766,25.6169283008203, 8.25454009828732, 4.26688194412165, 2.20902086791576
4.31999999930849,5899.57507324219,26.5583062851802, 8.44559714926622, 4.48108357134249, 2.22424119793141
4.41999999929249,5899.64288330078,27.5229509780183, 8.63777392498464, 4.70365239487436, 2.23888357949946
4.51999999927648,5899.71228027344,28.5106009002775, 8.82884438717237, 4.93097710109528, 2.24983762430856
4.61999999926047,5899.78350830078,29.5216391319409, 9.01860184643843, 5.16635573788086, 2.2552351240358
4.71999999924446,5899.85601806641,30.5559348072857, 9.20624013822582, 5.40615908212641, 2.25485095097687
4.81999999922846,5899.93035888672,31.6134249158204, 9.39188608486338, 5.65068502441586, 2.25005344561643
4.91999999921245,5900.00622558594,32.6940989531577, 9.57673255139479, 5.9005475234789, 2.24291234856908
5.01999999919644,5900.08386230469,33.7977972039953, 9.76102207023302, 6.15338608344248, 2.23529142959693
5.11999999918044,5900.16345214844,34.9245393713936, 9.94576900311814, 6.41225388616627, 2.22820274136085
5.21999999916443,5900.24395751953,36.0742063252255, 10.1316003019651, 6.67496725737341, 2.22352088596463
5.31999999914842,5900.32653808594,37.2468587784097, 10.3196260029487, 6.94357610309495, 2.22344167520909
5.41999999913241,5900.41058349609,38.4425746388733, 10.5107319866469, 7.21795256943507, 2.22916256575258
5.51999999911641,5900.49609375,39.6612704964355, 10.7048671049739, 7.49823376772139, 2.24043022479926
5.6199999991004,5900.58361816406,40.9033914469182, 10.9017535388818, 7.78643110030286, 2.25529109401933
5.71999999908439,5900.67236328125,42.1687794150785, 11.0994706283771, 8.08162529054572, 2.27064601853713
5.81999999906839,5900.76318359375,43.457720044069, 11.296311294499, 8.38324936206115, 2.28325763110893
5.91999999905238,5900.85552978516,44.7703045122325, 11.4915731600662, 8.69218873503911, 2.29151549394991
6.01999999903637,5900.94909667969,46.1065597841516, 11.6857976058709, 9.0068965861655, 2.29718197408844
6.11999999902037,5901.04449462891,47.4666514471173, 11.8804058001151, 9.32868460316006, 2.30273614039002
6.21999999900436,5901.14190673828,48.8504151701927, 12.0753720357374, 9.65614522625451, 2.30829929318684
6.31999999898835,5901.24102783203,50.2581714661792, 12.2707147314679, 9.99049500834786, 2.3138651745295
6.41999999897234,5901.34161376953,51.6897284016013, 12.4663935647745, 10.3313867122204, 2.31944520046933
6.51999999895634,5901.44378662109,53.1452936697751, 12.6623920997815, 10.6785891972753, 2.32503293191486
6.61999999894033,5901.54779052734,54.6249274984002, 12.8587660090936, 11.0327169068939, 2.33063030953531
6.71999999892432,5901.65350341797,56.1286171544343, 13.0553805728035, 11.3923721789559, 2.33623326746625
6.81999999890832,5901.76062011719,57.6564566530287, 13.252412442685, 11.7588439389307, 2.34184448355138
6.91999999889231,5901.86993408203,59.2084731794894, 13.4498183361817, 12.1313456417967, 2.34746731955494
7.0199999988763,5901.98083496094,60.784789619036, 13.6475666194361, 12.5111768174749, 2.35309707504141
7.11999999886029,5902.09289550781,62.3853892916813, 13.8456865551818, 12.8985045414255, 2.35873342852648
7.21999999884429,5902.20690917969,64.0104327285662, 14.0439744242148, 13.2911256266061, 2.36438129353623
7.31999999882828,5902.31762695313,65.6596401780844, 1000007.22, 13.6902219814438, 52.1920836773885
7.43999999880907,5902.45361328125,67.6711153537035, 1000007.34, 14.1784270782207, 52.1863691308448
7.53999999879306,5902.58630371094,69.3742989888415, 13.3880903660949, 14.5922145878294, 0.0146146546056796
7.65999999877386,5902.72668457031,71.4505809862167, 13.601121046181, 15.0983006744173, 0.0138611328095782
7.75999999875785,5902.85540771484,73.2080538021401, 13.7797000750069, 15.5282735753617, 0.0151674544927185
7.87999999873864,5903.00018310547,75.3495018621907, 13.9935903666152, 16.0532801580805, 0.015249303431514
7.97999999872263,5903.13287353516,77.1611666940153, 14.1719403004266, 16.4983192882877, 0.0152255134606622
8.09999999870342,5903.28155517578,79.3681176137179, 14.3860340996016, 17.0414561696487, 0.0148603862064563
8.19999999868742,5903.41882324219,81.2346615772694, 14.5648509602452, 17.5020835181698, 0.0150919228989497
8.31999999866821,5903.57208251953,83.5074685560539, 14.7795731530037, 18.0638957051699, 0.0151343340657832
8.4199999986522,5903.71282958984,85.4290032852441, 14.9592854416001, 18.539372549134, 0.0166070238019042
8.53999999863299,5903.87072753906,87.7680070502684, 15.1744091810791, 19.1206690239897, 0.0165049461299068
8.63999999861699,5904.01556396484,89.7449822248891, 15.3545039340106, 19.6119876888474, 0.0179249626567333
8.75999999859778,5904.17761230469,92.1504486985505, 15.5694076532681, 20.2121437505848, 0.0165746175063046
8.85999999858177,5904.32629394531,94.1828856328502, 15.7502356513864, 20.7190017566799, 0.0186081289903552
8.97999999856256,5904.49310302734,96.6554316123948, 15.9654295399348, 21.3380040495864, 0.017098374246385
9.07999999854655,5904.64617919922,98.7437148075551, 16.1462932467087, 21.8621608494747, 0.0185151006951062
9.19999999852735,5904.81707763672,101.283229307272, 16.3627944112442, 22.4988953975736, 0.0189913443257949
9.29999999851134,5904.97406005859,103.427412727848, 16.5452568001039, 23.0360092801987, 0.0231448260729648
9.41999999849213,5905.14959716797,106.033775810152, 16.7636637555808, 23.6869822670942, 0.027023805609251
9.51999999847612,5905.31048583984,108.233726467937, 16.9410507541511, 24.2358883572852, 0.0216416969508469
9.63999999845691,5905.49041748047,110.907167055644, 17.1561294806955, 24.9037788881318, 0.019077235798085
9.73999999844091,5905.65533447266,113.163192268461, 17.3365009654553, 25.4698430123076, 0.0186656342465411
9.8599999984217,5905.83978271484,115.904060232453, 17.559694411488, 26.1619642681078, 0.0294813995194633
9.95999999840569,5906.00872802734,118.216707699001, 17.7363113719923, 26.7501615093539, 0.0211828316125821
10.0799999983865,5906.19799804688,121.026315620169, 17.9627370099958, 27.4704299322032, 0.0357509251463237
10.1799999983705,5906.37078857422,123.396530918777, 18.1350145736234, 28.0809202848313, 0.0188267932661385
10.2999999983513,5906.56408691406,126.275515414774, 18.354132062229, 28.8240934804727, 0.0197202677491911
10.3999999983353,5906.74169921875,128.703569901176, 18.5381357296517, 29.4512938049896, 0.022632770314288
10.5199999983161,5906.93994140625,131.651892325841, 18.7599992893785, 30.2093255705402, 0.0279168582595234
10.6199999983,5907.12115478516,134.13757734932, 18.9396922536663, 30.8477232943617, 0.023734738783756
10.7399999982808,5907.32403564453,137.155117508024, 19.1576921840572, 31.621748018992, 0.0225433890971468
10.8399999982648,5907.50958251953,139.698545325547, 19.3372526864983, 32.2761495703531, 0.0179874858732667
10.9599999982456,5907.71667480469,142.785723686218, 19.5625865483412, 33.0756363511019, 0.0275826747310454
11.0599999982296,5907.90612792969,145.38759318646, 19.7419212812111, 33.7535254822513, 0.0217065399408916
11.1799999982104,5908.11791992188,148.545330381021, 19.9685752258916, 34.5815743783705, 0.0318428340714813
11.2799999981944,5908.31170654297,151.206415850669, 20.1433806390906, 35.2795367056398, 0.018329788474284
11.3999999981752,5908.52825927734,154.43497057911, 20.3648640423498, 36.1266170630153, 0.0200090121563984
11.4999999981592,5908.72631835938,157.1552302083, 20.5515308400659, 36.8373984688984, 0.0244996389874922
11.61999999814,5908.94757080078,160.454740243033, 20.7749170801136, 37.6989063739403, 0.0289559906706911
11.719999998124,5909.15002441406,163.233810959384, 20.9528565511642, 38.4250607470947, 0.0203818843955134
11.8399999981048,5909.37561035156,166.604221749119, 21.1712048649598, 39.3068223663569, 0.0171218534240681
11.9399999980888,5909.58209228516,169.442707448266, 21.3562960369516, 40.0541466168364, 0.0185609597227255
12.0599999980695,5909.81256103516,172.884698439389, 21.5886309674543, 40.9661967044073, 0.0342117193267045
12.1599999980535,5910.02294921875,175.783234020695, 21.7624692116021, 41.7385355071725, 0.0186508949020261
12.2799999980343,5910.25817871094,179.297863508575, 21.9864819957591, 42.6766696388312, 0.0215138493053022
12.3799999980183,5910.47265625,182.256912947632, 22.169777658852, 43.4656565807929, 0.0191136024258568
12.4999999979991,5910.71282958984,185.84410684742, 22.3952870654976, 44.4195794714922, 0.0238763431134878
12.5999999979831,5910.93194580078,188.86334956158, 22.5804952066247, 45.2197895647142, 0.0241547876606646
12.7199999979639,5911.17663574219,192.522889281623, 22.8022426352146, 46.1898467747099, 0.023715609722544
12.8199999979479,5911.39971923828,195.602504073642, 22.9820412300913, 47.0073368313419, 0.0164055693867744
12.9399999979287,5911.64935302734,199.334697454236, 23.2096895379931, 48.0041725513487, 0.0231610554174842
13.0399999979127,5911.87689208984,202.475458160974, 23.3936833441042, 48.850710632283, 0.0206630392041065
13.1599999978935,5912.13055419922,206.281468515284, 23.6340566359306, 49.8831918313201, 0.0424577857896423
13.2599999978775,5912.3623046875,209.484234192409, 23.8074349925732, 50.7605293354532, 0.0252123789897326
13.3799999978582,5912.62145996094,213.365558236837, 24.0469965190997, 51.8304221760593, 0.0442012429646677
13.4799999978422,5912.85766601563,216.63147195708, 24.2132599651882, 52.7347742722515, 0.0174439567062305
13.599999997823,5913.12164306641,220.588558017276, 24.4378034329891, 53.8296415320018, 0.0168672935512903
13.699999997807,5913.36199951172,223.917797024362, 24.6314087119994, 54.7471590964258, 0.0245223288313994
13.8199999977878,5913.630859375,227.950433932245, 24.8665726021444, 55.853548832265, 0.0370789439030753
13.9199999977718,5913.87567138672,231.342122959904, 25.048649046528, 56.7778802397402, 0.0307429536319949
14.0399999977526,5914.14916992188,235.449781501666, 25.2803066613015, 57.8950986416009, 0.0390919272424604
14.1399999977366,5914.39868164063,238.904049941339, 25.454896923927, 58.8306330552099, 0.0239543503844729
14.2599999977174,5914.67694091797,243.086347350851, 25.6766480196072, 59.9660199202517, 0.0204676351655891
14.3599999977014,5914.93023681641,246.602989133447, 25.8616254007201, 60.9250112367757, 0.0175535627909433
14.4799999976822,5915.21362304688,250.860729448497, 26.096276846792, 62.0915184453589, 0.02845140209209
14.5799999976662,5915.47174072266,254.440875742584, 26.2772859124191, 63.0788783117195, 0.0202329466744985
14.699999997647,5915.75909423828,258.775074736215, 26.5119135584574, 64.2785261546544, 0.0300296164747735
14.7999999976309,5916.02185058594,262.41876169201, 26.6891987309326, 65.2888444965816, 0.0172157177691517
14.9199999976117,5916.31408691406,266.829762417823, 26.9164988488703, 66.5089388760442, 0.0183834807248629
15.0199999975957,5916.58135986328,270.537226123735, 27.1076560121853, 67.5293878677411, 0.0214280927796748
15.1399999975765,5916.87890625,275.024435909465, 27.3433705532915, 68.7602029891373, 0.0320186959618821
15.2399999975605,5917.15002441406,278.795509777032, 27.527785029534, 69.7870123781153, 0.0277947275155448
15.3599999975413,5917.45208740234,283.358421324752, 27.7624065680038, 71.0262014523816, 0.0373232344709795
15.4599999975253,5917.72760009766,287.192304419354, 27.9329076762689, 72.0636919210885, 0.0181766616131376
15.5799999975061,5918.03472900391,291.83085372299, 28.1559828566883, 73.3241794412408, 0.0151448149501317
15.6799999974901,5918.31439208984,295.728110889904, 28.3500676403947, 74.391290939064, 0.020970131313389
15.7999999974709,5918.62640380859,300.443169846199, 28.6002209889457, 75.6914364560377, 0.0454674371109161
15.8999999974549,5918.91033935547,304.297456687316, 28.7730208605946, 76.7939860225654, 0.0263200660830147
16.0199999974357,5919.22692871094,309.035268363543, 29.0199625224018, 78.1357925982168, 0.0477864439985495
16.1199999974197,5919.51556396484,313.404082163237, 29.1877628848868, 79.2717727476533, 0.0253654799841944
16.2399999974004,5919.83740234375,318.155132799409, 29.4464121149929, 80.6571514694863, 0.0517604082344924
16.3399999973844,5920.13055419922,322.083489682525, 29.6103302979071, 81.8292998007388, 0.0256434272889574
16.4599999973652,5920.45703125,327.282372880727, 29.85126114414, 83.2546649277796, 0.0388833990897393
16.5599999973492,5920.75494384766,331.197393749841, 30.0220357996905, 84.4517677565728, 0.0141099643239541
16.67999999733,5921.08654785156,336.529585384764, 30.2522555722355, 85.8970964731174, 0.0185693288475766
16.779999997314,5921.38861083984,340.74614568986, 30.4534797443404, 87.1037288119686, 0.024973476110239
16.8999999972948,5921.72521972656,345.784131567925, 30.6967008109007, 88.5570450002873, 0.0371380228472361
16.9999999972788,5922.03198242188,349.987488963641, 30.8704443044893, 89.7740843533275, 0.022219633254849
17.1199999972596,5922.37390136719,355.346258437261, 31.1112069868415, 91.2372458591052, 0.0329165950494807
17.2199999972436,5922.6845703125,359.655940612778, 31.2951101015407, 92.4603070429712, 0.0243969354426587
17.3399999972244,5923.03118896484,364.720770082437, 31.5347618927155, 93.9303475704744, 0.0349866493006834
17.4399999972084,5923.34680175781,369.459783998318, 31.7031463850326, 95.1619410092689, 0.0171488029778367
17.5599999971892,5923.69799804688,374.410208968446, 31.9326279056434, 96.6529005621219, 0.0146080924974561
17.6599999971731,5924.01782226563,379.255578626879, 32.1326891871701, 97.9109564679855, 0.0213810218764851
17.7799999971539,5924.37432861328,384.661554488353, 32.3877375968913, 99.4444251848429, 0.0463764779561565
17.8799999971379,5924.69842529297,388.938990131952, 32.5580671604653, 100.740828630579, 0.0256096423903792
17.9999999971187,5925.05938720703,394.478404596448, 32.8104102402441, 102.320437152018, 0.0474682653990868
18.0999999971027,5925.38861083984,399.296479628421, 32.9777921991364, 103.654564051686, 0.0241338241725409
18.2199999970835,5925.75476074219,404.849616408348, 33.2398178291122, 105.281513296094, 0.0502097128372689
18.3199999970675,5926.08776855469,409.534067905508, 33.4065129610485, 106.65952107471, 0.026422795289028
18.4399999970483,5926.45910644531,415.101118137129, 33.6581695508934, 108.331583688853, 0.0417948986739775
18.5399999970323,5926.79718017578,419.89123178646, 33.8255566504561, 109.738337517339, 0.0153693112692784
18.6599999970131,5927.17352294922,425.914645954967, 34.0595425793044, 111.433161968497, 0.0158919303366894
18.7599999969971,5927.5166015625,430.690671544522, 34.2597114658293, 112.849067898087, 0.0225094608846484
18.8799999969779,5927.89782714844,436.293192625977, 34.5061554925301, 114.550994484307, 0.034539496076391
18.9799999969619,5928.24499511719,441.182926209643, 34.6865943634364, 115.972294035609, 0.0214320592014455
19.0999999969426,5928.63171386719,447.226366890594, 34.9247029279233, 117.685017879959, 0.0271174365266747
19.1999999969266,5928.98266601563,452.417242647149, 35.1085233173755, 119.118883093969, 0.0166992449989277
19.3199999969074,5929.37463378906,458.167314177379, 35.3378650853751, 120.856903831003, 0.0154321856376009
19.4199999968914,5929.73089599609,463.343817356043, 35.5376057094715, 122.320136308379, 0.0185005083484561
19.5399999968722,5930.12750244141,469.542682138272, 35.7895772590345, 124.099652208612, 0.035801225613317
19.6399999968562,5930.48809814453,474.390150796622, 35.9663772000659, 125.601859747793, 0.0199780142154895
19.759999996837,5930.88995361328,480.483552996069, 36.211394526867, 127.418978638389, 0.0273389845339408
19.859999996821,5931.25555419922,485.751384660602, 36.3904238042169, 128.944323624297, 0.0146998223359452
19.9799999968018,5931.662109375,491.986319192685, 36.6299275709479, 130.779846622707, 0.0181372888221607
20.0799999967858,5932.03198242188,497.240170716308, 36.826367351105, 132.314309196905, 0.0192479944806156
20.1999999967666,5932.44329833984,503.916298757307, 37.0675459311343, 134.161157848996, 0.0246521010764445
20.2999999967506,5932.81811523438,509.163466016762, 37.2504912717679, 135.70684299688, 0.0156630407126432
20.4199999967313,5933.23474121094,515.426764096133, 37.4863015418764, 137.575420047848, 0.0143298551486587
20.5199999967153,5933.61364746094,521.206429633312, 37.6829472109472, 139.145632603725, 0.015554298044827
20.6399999966961,5934.03570556641,527.483916020021, 37.9343692408001, 141.052615076141, 0.0292441315273698
20.7399999966801,5934.41906738281,532.82240059413, 38.1199209917711, 142.658489704062, 0.0197392777511757
20.8599999966609,5934.84582519531,539.548814957961, 38.3703829457436, 144.606843708611, 0.0316819900909987
20.9599999966449,5935.23413085938,545.30731845554, 38.5464864879079, 146.246404159227, 0.015204561295608
21.0799999966257,5935.66589355469,551.613608463667, 38.7895743203912, 148.2262134693, 0.0189353469469648
21.1799999966097,5936.05828857422,557.357772676274, 38.9776874661883, 149.889765548885, 0.0146843212475533
21.2999999965905,5936.49591064453,564.232939607464, 39.2196646017798, 151.899286276095, 0.0177639846829907
21.3999999965745,5936.89318847656,569.969988331199, 39.4140224131484, 153.586631976252, 0.0149586398569495
21.5199999965553,5937.33514404297,576.859934697859, 39.6560866330018, 155.62600556466, 0.0183737709117566
21.6199999965393,5937.73706054688,582.582270768471, 39.8493019182781, 157.337066261625, 0.0149567445242097
21.7399999965201,5938.18420410156,589.486910661682, 40.0910967190034, 159.406438608316, 0.0183795209860605
21.839999996504,5938.59045410156,595.194377765991, 40.2833011199993, 161.141491960518, 0.0144710256402775
21.9599999964848,5939.04302978516,602.556100316346, 40.523234385544, 163.240976152589, 0.0167077265525022
22.0599999964688,5939.4541015625,608.368305440061, 40.7222434032319, 165.00133449475, 0.0146603033102775
22.1799999964496,5939.91174316406,615.302492983639, 40.9623193626747, 167.131030558769, 0.0172009058119471
22.2799999964336,5940.32720947266,621.542594359256, 41.1597313319467, 168.920655579803, 0.0149140042427297
22.3999999964144,5940.78979492188,628.491507282481, 41.4010485467653, 171.080609045781, 0.0178315051812734
22.4999999963984,5941.21051025391,634.716448166408, 41.5986135503727, 172.894905688282, 0.015235197109667
22.6199999963792,5941.67810058594,642.122797451913, 41.8393789999541, 175.085371082885, 0.0185477700326951
22.7199999963632,5942.10296630859,648.325059976429, 42.0360271271533, 176.924057933322, 0.0155595790495745
22.839999996344,5942.57562255859,655.439034653828, 42.2813012417754, 179.145118024026, 0.0191884990945644
22.939999996328,5943.00555419922,661.626129567623, 42.4767430916524, 181.008118592855, 0.015622420600317
23.0599999963088,5943.48345947266,669.189866188914, 42.7226719714582, 183.260262580094, 0.0198183222246863
23.1599999962928,5943.91754150391,675.361648593098, 42.9179455757279, 185.150694077912, 0.0162753376220194
23.2799999962735,5944.40045166016,682.941038333811, 43.1777787199128, 187.443684295336, 0.0297482502162882
23.3799999962575,5944.83953857422,689.659429726191, 43.3657714042113, 189.372969100262, 0.0212677797885904
23.4999999962383,5945.32757568359,697.253795184195, 43.6274349653263, 191.712329063417, 0.0350317664980033
23.5999999962223,5945.77160644531,703.522133480757, 43.7997161936064, 193.679433390557, 0.0163717492441263
23.7199999962031,5946.26470947266,711.56675127428, 44.043733373356, 196.04942901188, 0.0166078511120559
23.8199999961871,5946.712890625,717.81954025384, 44.2438456953652, 198.032470927447, 0.0165460847118152
23.9399999961679,5947.21179199219,725.879910399206, 44.495558935335, 200.415152781646, 0.0222068575570935
24.0399999961519,5947.66455078125,732.559390995651, 44.6902246528689, 202.404303425497, 0.0190843792620564
24.1599999961327,5948.16839599609,740.320154770277, 44.9494442895225, 204.792486313512, 0.0299678785452421
24.2599999961167,5948.62542724609,746.984317630529, 45.1406186441448, 206.781603674672, 0.0226163255876145
24.3799999960975,5949.134765625,755.195038391277, 45.3936812826421, 209.172664260397, 0.0301102371413576
24.4799999960815,5949.59637451172,761.844059214927, 45.5728473627887, 211.171151795357, 0.0157340854302498
24.5999999960623,5950.11071777344,770.0700709261, 45.8177661339519, 213.591467329993, 0.0183678243083697
24.6999999960462,5950.57727050781,776.823396632448, 46.0302977817295, 215.62899569988, 0.0247248471493003
24.819999996027,5951.09606933594,785.072513208725, 46.3176633825246, 218.107665719217, 0.0525430900723062
24.919999996011,5951.56707763672,792.12511877995, 46.4817417208724, 220.201118818567, 0.0288989919078879
25.0399999959918,5952.09124755859,800.509656770155, 46.7626609028849, 222.738417501789, 0.0521841732556304
25.1399999959758,5952.56732177734,807.238857649267, 46.9256959441232, 224.877786915542, 0.0261472575572523
25.2599999959566,5953.09619140625,815.954140036367, 47.1977924096012, 227.468023302322, 0.0437927225885277
25.3599999959406,5953.57666015625,822.659936203621, 47.3626626574607, 229.644419590416, 0.0191176025244062
25.4799999959214,5954.11114501953,831.510872546583, 47.6094432171714, 232.269804426478, 0.021623284942129
25.5799999959054,5954.59674072266,838.642652262002, 47.8045122635242, 234.464708145851, 0.0148967642750343
25.6999999958862,5955.13598632813,846.955643878318, 48.0528639603496, 237.106208215679, 0.0169207487838658
25.7999999958702,5955.62573242188,854.198856550269, 48.2553488212257, 239.312011596279, 0.0166932763936405
25.919999995851,5956.17053222656,863.08199650608, 48.4972695150427, 241.973267159364, 0.015247520632403
26.019999995835,5956.66528320313,870.181687320583, 48.7021450631161, 244.202005263317, 0.0148031069941966
26.1399999958157,5957.21496582031,879.088858324103, 48.9524050427634, 246.894661653502, 0.01787702055941
26.2399999957997,5957.71429443359,886.726556936279, 49.1534288936338, 249.154855695058, 0.0153435111696081
26.3599999957805,5958.26940917969,895.649659946561, 49.4078321321107, 251.879780202431, 0.0192342789053796
26.4599999957645,5958.77337646484,902.84421661403, 49.6070098520071, 254.165715641552, 0.0158030991882213
26.5799999957453,5959.33331298828,911.895805334672, 49.8591330192067, 256.922832226285, 0.0200778109601681
26.6799999957293,5959.84191894531,919.508791123517, 50.0600390879617, 259.234244043685, 0.0162054687983768
26.7999999957101,5960.40704345703,928.464526884258, 50.3125906350904, 262.023585465315, 0.0207857586348211
26.8999999956941,5960.92053222656,936.180577010848, 50.5127211816393, 264.360281194447, 0.0161894669913671
27.0199999956749,5961.49047851563,945.595159475692, 50.7682763631089, 267.18199032285, 0.0209192646156177
27.1199999956589,5962.00842285156,953.294973178767, 50.9650362609076, 269.546061865229, 0.0161403378788009
27.2399999956397,5962.58422851563,962.283774677664, 51.235916973133, 272.40911693852, 0.0288348852788133
27.3399999956237,5963.10662841797,970.409103112295, 51.4322365307732, 274.814497348741, 0.0226209816538481
27.4599999956044,5963.68713378906,979.534144315869, 51.7109700539854, 277.72937779828, 0.0392378763528196
27.5599999955884,5964.21411132813,987.642622464336, 51.8818914640337, 280.179191612025, 0.0189161003551297
27.6799999955692,5964.80010986328,997.226970119402, 52.1348150243595, 283.130113640808, 0.0216138432007454
27.7799999955532,5965.33221435547,1004.87628452946, 52.331178502021, 285.598501500051, 0.0152753681853359
27.899999995534,5965.92309570313,1014.47726459336, 52.5879129877594, 288.562148314121, 0.0188700670756787
27.999999995518,5966.45983886719,1022.67197303567, 52.794251159312, 291.034622429588, 0.0178371588018415
28.1199999954988,5967.05596923828,1032.28977357037, 53.0551757160538, 294.003125669951, 0.0239952901140835
28.2199999954828,5967.59698486328,1040.47530972585, 53.2479151107315, 296.479629316109, 0.0165575482592913
28.3399999954636,5968.19818115234,1050.54459986184, 53.4961813282393, 299.461679932409, 0.0160121681994425
28.4399999954476,5968.74389648438,1058.70563353039, 53.7017384782175, 301.957704460953, 0.0154824939839
28.5599999954284,5969.35009765625,1068.48446159251, 53.9747488436617, 304.977994728855, 0.0263813733599698
28.6599999954124,5969.90032958984,1077.06322946306, 54.1758656593181, 307.514924214424, 0.0230517317415928
28.7799999953932,5970.51153564453,1086.73912215326, 54.4595318890266, 310.587872063391, 0.0404172106105299
28.8799999953771,5971.06658935547,1095.42831001431, 54.6301710826803, 313.170642818877, 0.0201978432863792
28.9999999953579,5971.68286132813,1105.23328623362, 54.8931963094406, 316.283816536153, 0.0270225601444016
29.0999999953419,5972.2421875,1113.79344102554, 55.0811794236086, 318.892345258848, 0.0158335817439508
29.2199999953227,5972.86370849609,1124.05016935337, 55.3322609488657, 322.029821565019, 0.0154863632030444
29.3199999953067,5973.42791748047,1132.712646842, 55.5426964223844, 324.649533355821, 0.0155203832460167
29.4399999952875,5974.05426025391,1142.9944226183, 55.7969330094218, 327.798185089499, 0.017019289242563
29.5399999952715,5974.62280273438,1151.63212440442, 56.0018996951706, 330.428544311337, 0.0149283095392846
29.6599999952523,5975.25482177734,1161.9309316026, 56.2610927808313, 333.603134105952, 0.0186967835313077
29.7599999952363,5975.82769775391,1170.5591366766, 56.473983689876, 336.265221308572, 0.0201772233714771
29.8799999952171,5976.46398925781,1181.43716742843, 56.7679757626474, 339.491922780849, 0.0406485623223795
29.9799999952011,5977.0419921875,1190.04017059132, 56.9530253933861, 342.20398267049, 0.0274970364066708
30.0999999951819,5977.68359375,1200.93568286486, 57.2596645513921, 345.494361143186, 0.0535526633605906
30.1999999951659,5978.26544189453,1209.52862473391, 57.4305457602028, 348.269487360971, 0.0331823477321426
30.3199999951466,5978.91265869141,1220.44177836366, 57.7436338438442, 351.631348790508, 0.0613760977112144
30.4199999951306,5979.49957275391,1229.45167691447, 57.8853420380034, 354.459846650257, 0.0271845025110821
30.5399999951114,5980.15148925781,1240.0676819142, 58.1534792810402, 357.869077346271, 0.0330957269133462
30.6399999950954,5980.7431640625,1249.06697468087, 58.3287343949748, 360.716197480614, 0.0151114651421934
30.7599999950762,5981.40026855469,1260.13591994904, 58.6000052277719, 364.129496186199, 0.0224843844251615
30.8599999950602,5981.99621582031,1269.22944333032, 58.8089072599115, 366.969617808831, 0.0204410738854652
30.979999995041,5982.65844726563,1280.63877411187, 59.0817536335819, 370.377407955255, 0.0288540250811835
31.079999995025,5983.25921630859,1289.72220238019, 59.2730504668044, 373.214992559285, 0.0192826991263063
31.1999999950058,5983.92608642578,1300.82665985916, 59.5374702229867, 376.624857798169, 0.0240829416349739
31.2999999949898,5984.53161621094,1310.32681208756, 59.7334875584528, 379.469520467225, 0.0155632478474073
31.4199999949706,5985.20373535156,1321.45701364335, 59.9869040410622, 382.899377300394, 0.0155076449117842
31.5199999949546,5985.81335449219,1331.05909107719, 60.2114786161636, 385.778869694581, 0.0201418359264807
31.6399999949354,5986.49060058594,1342.20691285003, 60.5057836721722, 389.256881157219, 0.0381167448668681
31.7399999949193,5987.10430908203,1351.67865470517, 60.6949363938736, 392.180713604172, 0.0266091652397646
31.8599999949001,5987.78637695313,1363.39922472741, 60.9849823870672, 395.710995747091, 0.0413354225736949
31.9599999948841,5988.40533447266,1372.97265066486, 61.1518443787333, 398.669078217081, 0.0199813450244476
32.0799999948649,5989.09210205078,1384.59140070621, 61.420408225756, 402.233381057031, 0.0251295687306493
32.1799999948489,5989.71502685547,1394.14668943733, 61.6133617668243, 405.210675071405, 0.0156042349261424
32.2999999948297,5990.40686035156,1405.90330048464, 61.8690189722359, 408.790097038511, 0.0152128449071656
32.3999999948137,5991.03479003906,1415.87524587289, 62.0868340192508, 411.77251976, 0.0166114764731528
32.5199999947945,5991.73162841797,1427.65764282737, 62.3447621894137, 415.362070245795, 0.0164736347946775
32.6199999947785,5992.36358642578,1437.61115456652, 62.5584504495417, 418.361821973924, 0.0161273174521592
32.7399999947593,5993.06518554688,1449.41203162447, 62.8433992062631, 421.98708291086, 0.0274287438987658
32.8399999947433,5993.70184326172,1459.47429228481, 63.0566665873759, 425.035322604217, 0.0268002386747538
32.9599999947241,5994.40844726563,1471.29363918863, 63.3726333349621, 428.720750260276, 0.0509547299435185
33.0599999947081,5995.04937744141,1481.33749791421, 63.540632981685, 431.8213072235, 0.0308679763280735
33.1799999946888,5995.7607421875,1493.60990859102, 63.84091862806, 435.564917110336, 0.0470653944543319
33.2799999946728,5996.40612792969,1503.63488988485, 63.989612047619, 438.699119672352, 0.0189663236885091
33.3999999946536,5997.12237548828,1516.04596859217, 64.2479053803761, 442.465665306165, 0.0175760445743226
33.4999999946376,5997.77209472656,1526.49452882819, 64.4589740966021, 445.604628262028, 0.0158047648643737
33.6199999946184,5998.49359130859,1538.92419491615, 64.724024473308, 449.374641650926, 0.017493852917151
33.7199999946024,5999.14758300781,1549.03898279741, 64.9358419440033, 452.52039283132, 0.0153244734931444
33.8399999945832,5999.87390136719,1561.80259826873, 65.2102595101932, 456.316806317396, 0.0209723511673163
33.9399999945672,6000.53216552734,1571.8984473478, 65.4398742868438, 459.501369463763, 0.0260277401535076
34.059999994548,6001.26354980469,1584.80827239994, 65.7639918729462, 463.359104707757, 0.0514444182566398
34.159999994532,6001.92645263672,1595.3194781905, 65.9416544622623, 466.60873700906, 0.0350353152957651
34.2799999945128,6002.66253662109,1607.81387350522, 66.2810958203867, 470.542653177612, 0.0660254485909721
34.3799999944968,6003.33001708984,1618.86053906661, 66.419888100241, 473.851750099323, 0.0330321066614181
34.4999999944775,6004.07080078125,1631.3740577288, 66.712630960302, 477.842150987261, 0.0446926739355994
34.5999999944615,6004.74261474609,1642.28893782292, 66.8615930391568, 481.175175721459, 0.0160367056263251
34.7199999944423,6005.48840332031,1654.94168187585, 67.127532785434, 485.170716910824, 0.0172079770589993
34.8199999944263,6006.16461181641,1665.95718305465, 67.3528347409318, 488.491827486813, 0.0194604488629839
34.9399999944071,6006.91497802734,1678.95187318698, 67.6400393648792, 492.472653507747, 0.0285346224659262
35.0399999943911,6007.59588623047,1689.94790868927, 67.8348664272968, 495.783487691289, 0.018756070467082
35.1599999943719,6008.35125732422,1703.08179850783, 68.1121903901647, 499.758404582333, 0.0241668032678323
35.2599999943559,6009.03594970703,1714.05829850677, 68.3103675017419, 503.068725279384, 0.0159320239536545
35.3799999943367,6009.79577636719,1727.76572753116, 68.5721546030336, 507.053979289021, 0.0154278843501249
35.4799999943207,6010.48510742188,1738.72294273507, 68.8037719288924, 510.393643414997, 0.0203170451194188
35.5999999943015,6011.24963378906,1751.89533761982, 69.1138690719822, 514.421809669009, 0.0375948530632952
35.6999999942855,6011.94299316406,1763.39516697265, 69.3126556146611, 517.805398518249, 0.0294547230933425
35.8199999942663,6012.71264648438,1776.58727344964, 69.6251569352502, 521.888536131477, 0.0472808185668489
35.9199999942502,6013.41021728516,1788.06733823475, 69.7835421229397, 525.309092382459, 0.0237521460614643
36.039999994231,6014.18414306641,1801.84086707886, 70.0711779524823, 529.428097639642, 0.0318392754005759
36.139999994215,6014.88629150391,1813.30139211938, 70.2688778898564, 532.874993324285, 0.022816103802891
36.2599999941958,6015.66485595703,1827.09453839902, 70.5837745062093, 537.037957112194, 0.0408114056476666
36.3599999941798,6016.37091064453,1838.53536139242, 70.7708373089037, 540.528247806071, 0.0277584683400516
36.4799999941606,6017.15460205078,1852.34825792816, 71.086893784042, 544.746811969304, 0.0458542434253888
36.5799999941446,6017.86486816406,1863.77670765296, 71.2450589253862, 548.2764236311, 0.0218444219380755
36.6999999941254,6018.6533203125,1878.16437423229, 71.52060114449, 552.525589088631, 0.0243356820595983
36.7999999941094,6019.36761474609,1889.57208405156, 71.7199649573853, 556.072712595128, 0.0156263114771422
36.9199999940902,6020.16082763672,1903.98005036544, 71.9925082323643, 560.320913175108, 0.0179233792267735
37.0199999940742,6020.87945556641,1915.92250010557, 72.2136469065735, 563.859367502932, 0.0167629821692977
37.139999994055,6021.67694091797,1929.80356984958, 72.4938524131967, 568.097552062517, 0.0211784738613668
37.239999994039,6022.39990234375,1941.84548943024, 72.7022021022629, 571.628683832711, 0.0157835905308128
37.3599999940197,6023.20147705078,1956.18137856666, 72.9710055942043, 575.871486774831, 0.0160168153071175
37.4599999940037,6023.9287109375,1968.21070978604, 73.2084334788013, 579.418005761721, 0.0217044670698958
37.5799999939845,6024.7353515625,1982.68643891532, 73.5259319825902, 583.69988204085, 0.038810798772193
37.6799999939685,6025.46624755859,1995.00314914994, 73.7210018779276, 587.28791453102, 0.0284985416609484
37.7999999939493,6026.27746582031,2009.62635459006, 74.0433789259572, 591.624971643352, 0.0474675632959214
37.8999999939333,6027.01232910156,2021.61531667132, 74.2008843653337, 595.25302439556, 0.0238061400369662
38.0199999939141,6027.82800292969,2036.56630881596, 74.4940388436979, 599.625452792279, 0.0316911304795785
38.1199999938981,6028.56719970703,2048.96913420595, 74.6801906304158, 603.281932270112, 0.0182863210550843
38.2399999938789,6029.38732910156,2063.63339691609, 74.9487064483477, 607.667494894533, 0.0175998775249348
38.3399999938629,6030.13024902344,2076.02340981271, 75.1700299572322, 611.323840561747, 0.0159064259660859
38.4599999938437,6030.95471191406,2091.13539058529, 75.4406236343238, 615.707017878108, 0.016128248554071
38.5599999938277,6031.70159912109,2103.50512011722, 75.6708183803547, 619.365358313861, 0.0176532439892275
38.6799999938085,6032.53039550781,2118.64487677254, 75.9677864054711, 623.76946482141, 0.0268148051986913
38.7799999937924,6033.28192138672,2131.54816810414, 76.2022143973522, 627.45873715944, 0.0297084854814644
38.8999999937732,6034.11499023438,2146.70857668668, 76.5458318755666, 631.918017882619, 0.0544447005735143
38.9999999937572,6034.86993408203,2159.16438549105, 76.7135699207463, 635.658728576948, 0.0338370308246804
39.119999993738,6035.70758056641,2174.90017178282, 77.0730398095313, 640.187234247283, 0.0634457774868584
39.219999993722,6036.46636962891,2187.33429127932, 77.2327130093734, 643.991347953298, 0.0398782941760373
39.3399999937028,6037.30871582031,2203.09113190509, 77.5941295376415, 648.597592302927, 0.0695715955392825
39.4399999936868,6038.07171630859,2215.9390522344, 77.708589717617, 652.464070461624, 0.0310769785167869
39.5599999936676,6038.91790771484,2231.72498130612, 77.9973801296119, 657.109940951429, 0.0356831913177953
39.6599999936516,6039.68536376953,2244.67063448671, 78.1678692268092, 660.981264390805, 0.0159454125843281
39.7799999936324,6040.53594970703,2260.47811459377, 78.4597759048991, 665.609721069549, 0.0218176518678872
39.8799999936164,6041.30682373047,2273.40225475933, 78.6776088225907, 669.455091945071, 0.0181099127536133
39.9999999935972,6042.162109375,2289.67396975402, 78.9719984717212, 674.057967265054, 0.0244269282018129
40.0999999935812,6042.93695068359,2302.57689405605, 79.177860561812, 677.882314075231, 0.0170389805049232
40.2199999935619,6043.79644775391,2318.55414725374, 79.4809124204469, 682.458061607018, 0.0263765652373033
40.3199999935459,6044.57525634766,2331.87866440136, 79.6883314696088, 686.254628289406, 0.0196163354099672
40.4399999935267,6045.43853759766,2348.30431141518, 79.9657660400692, 690.810737865647, 0.0208154282471816
40.5399999935107,6046.22082519531,2361.72699373867, 80.1927193939423, 694.612477406395, 0.0204620745332281
40.6599999934915,6047.08856201172,2378.06197683141, 80.5372634026473, 699.206203869976, 0.0424063459052056
40.7599999934755,6047.87457275391,2391.47088811267, 80.7598432960514, 703.06994838984, 0.0404416679052741
40.8799999934563,6048.74633789063,2407.94693342038, 81.1394989814635, 707.739993907511, 0.0728918165731709
40.9799999934403,6049.53631591797,2421.88071512897, 81.2652936693985, 711.664315768322, 0.0401037723931126
41.0999999934211,6050.41229248047,2438.38617555425, 81.6296937395222, 716.402119340204, 0.0673128584852944
41.1999999934051,6051.20568847656,2451.75169133767, 81.7650484052978, 720.376763948164, 0.0370730136957538
41.3199999933859,6052.08587646484,2468.82542809006, 82.1000425412182, 725.167910052599, 0.0546317117677036
41.4199999933699,6052.88336181641,2482.72324183397, 82.2364822225862, 729.170331192973, 0.0248754681047399
41.5399999933506,6053.76751708984,2499.27247507963, 82.517380684737, 733.977135676861, 0.0255927995224597
41.6399999933346,6054.56817626953,2513.14839932136, 82.7212252821786, 737.975662319266, 0.0163856076895763
41.7599999933154,6055.45684814453,2530.27387303207, 83.0001535691772, 742.772332994995, 0.016652760863277
41.8599999932994,6056.26147460938,2544.56981097255, 83.2349308614238, 746.766088919007, 0.01714813571628
41.9799999932802,6057.15393066406,2561.28300917987, 83.5261905095103, 751.569417915593, 0.0212717054497881
42.0799999932642,6057.96246337891,2575.67662633676, 83.7597046041632, 755.584276805082, 0.0213774073916915
42.199999993245,6058.85876464844,2592.85367469024, 84.0421246374698, 760.397846158256, 0.0221457441492545
42.299999993229,6059.67041015625,2607.22570650466, 84.2577366857789, 764.40764607788, 0.0169074969050964
42.4199999932098,6060.57080078125,2624.4488228457, 84.535673805609, 769.208878491118, 0.0164651044733559
42.5199999931938,6061.38592529297,2638.81520771235, 84.775104022752, 773.209074310751, 0.0185317084958914
42.6399999931746,6062.29052734375,2656.6748004891, 85.0795816878895, 778.016569890775, 0.0254542853830641
42.7399999931586,6063.109375,2671.0184218986, 85.32975901247, 782.036340368621, 0.030653894418192
42.8599999931394,6064.017578125,2688.90089591965, 85.6914975123704, 786.88977269509, 0.0549722305717753
42.9599999931233,6064.84002685547,2703.21003034245, 85.8662285467646, 790.955964141808, 0.036921943718151
43.0799999931041,6065.75183105469,2721.11473696772, 86.2484568712339, 795.873853045488, 0.0661957839028886
43.1799999930881,6066.578125,2735.97787552234, 86.4036906961996, 799.999382666571, 0.042952322055126
43.2999999930689,6067.49401855469,2753.91602259036, 86.8007904818311, 804.99344151241, 0.0760219747179191
43.3999999930529,6068.32342529297,2768.75641879253, 86.9088664779014, 809.185421399498, 0.0384203161049566
43.5199999930337,6069.24322509766,2786.70522523671, 87.2313098130108, 814.22390307963, 0.0489634939167816
43.6199999930177,6070.07623291016,2802.10932579357, 87.3637067005848, 818.423136049416, 0.0186108194623085
43.7399999929985,6070.99981689453,2820.08076308202, 87.644189101624, 823.440143342072, 0.0177838839006797
43.8399999929825,6071.83612060547,2835.46225845907, 87.8823541664901, 827.603834746801, 0.0177741442385347
43.9599999929633,6072.76379394531,2853.45718144532, 88.1864468369549, 832.579834197909, 0.0239670743417142
44.0599999929473,6073.60345458984,2868.81318362243, 88.3989010395488, 836.71275377988, 0.0167662045802665
44.1799999929281,6074.53479003906,2887.40811358672, 88.6830833157854, 841.667410280911, 0.0167962004723032
44.2799999929121,6075.37780761719,2902.7295211656, 88.9412921289637, 845.798425031788, 0.0227336637684777
44.3999999928928,6076.31274414063,2921.35749419685, 89.2916197048484, 850.779842949014, 0.0413860205733412
44.4999999928768,6077.15899658203,2936.65756445657, 89.5121657516039, 854.949965942139, 0.0364485733517966
44.6199999928576,6078.09765625,2955.8736539362, 89.8798698334163, 859.983731548427, 0.0595481707267991
44.7199999928416,6078.94714355469,2971.15868351422, 90.0160587460368, 864.198147881594, 0.0309596687133104
44.8399999928224,6079.88891601563,2990.39810825605, 90.3174685235993, 869.25226269792, 0.0349173621225828
44.9399999928064,6080.74243164063,3005.64943588991, 90.4962729139406, 873.45885751595, 0.017846678929756
45.0599999927872,6081.68786621094,3024.92193671875, 90.7792032700957, 878.48598718059, 0.0173939054086026
45.1599999927712,6082.54431152344,3040.72766132001, 91.0184008544127, 882.662678515625, 0.0173147058153136
45.279999992752,6083.49328613281,3060.02425855119, 91.3040215213069, 887.663746136998, 0.0172029540362426
45.379999992736,6084.35278320313,3075.80322634336, 91.5634390477133, 891.82845227215, 0.0227476282895539
45.4999999927168,6085.30541992188,3095.12285104673, 91.8985096571592, 896.84000551789, 0.036121882757344
45.5999999927008,6086.16796875,3111.45637105219, 92.1275109723435, 901.028553224808, 0.0332227184181168
45.7199999926816,6087.12359619141,3130.78746613488, 92.5025140529617, 906.084273619295, 0.0565422302751882
45.8199999926655,6087.98937988281,3147.10673436988, 92.660176915252, 910.310068763089, 0.034256490752746
45.9399999926463,6088.94891357422,3166.46250340156, 92.9968498122793, 915.397599149625, 0.047027064327494
46.0399999926303,6089.81781005859,3182.75752209872, 93.1624028764026, 919.647197636909, 0.0264457270550127
46.1599999926111,6090.78045654297,3202.72360058315, 93.4841348530702, 924.745589913442, 0.0351815692914325
46.2599999925951,6091.65258789063,3218.9833836481, 93.6929812977092, 929.002039823662, 0.0267812598098801
46.3799999925759,6092.61871337891,3238.97333781142, 94.017409827566, 934.109988123151, 0.0356288847523187
46.4799999925599,6093.49328613281,3255.78573290259, 94.2299204604027, 938.37185522204, 0.0277536049414085
46.5999999925407,6094.46313476563,3275.78836219572, 94.5533238694706, 943.489017581037, 0.0367525089135796
46.6999999925247,6095.34094238281,3292.00949246064, 94.7616638605933, 947.75532643107, 0.0278155142328965
46.8199999925055,6096.3134765625,3312.61348474491, 95.0873802378471, 952.880829252026, 0.0368489839345171
46.9199999924895,6097.1943359375,3329.39699274208, 95.2853305631582, 957.151501691521, 0.0252552357112842
47.0399999924703,6098.17034912109,3349.44802897982, 95.6100730267526, 962.284175547676, 0.0334683359331237
47.1399999924543,6099.05407714844,3366.76250217296, 95.811751099017, 966.556788557888, 0.0228785314855951
47.259999992435,6100.03369140625,3386.84748930298, 96.0984402957007, 971.677170675834, 0.0217588447718412
47.359999992419,6100.91998291016,3404.14799714834, 96.3296528346511, 975.936916577577, 0.0184694449140353
47.4799999923998,6101.90222167969,3424.82291810587, 96.621194941966, 981.029287479133, 0.0182443890231557
47.5799999923838,6102.7919921875,3442.09929002635, 96.8868610924532, 985.272621695401, 0.0238769004591269
47.6999999923646,6103.77716064453,3462.7981768148, 97.2338252479975, 990.368735934708, 0.0377269215368689
47.7999999923486,6104.66937255859,3480.03757223301, 97.4853835683327, 994.631748253413, 0.0396198655402244
47.9199999923294,6105.65771484375,3500.77034699172, 97.8904866553138, 999.771827108793, 0.0677442353417641
48.0199999923134,6106.55267333984,3517.9971323004, 98.049309538551, 1004.07562630809, 0.0461275485852297
48.1399999922942,6107.54455566406,3539.32047378086, 98.4393748940492, 1009.26462162584, 0.0696189833044047
48.2399999922782,6108.44219970703,3556.52064564917, 98.5272071144176, 1013.5908114393, 0.030308386855582
48.359999992259,6109.43658447266,3577.88095894828, 98.8286709050092, 1018.78093856629, 0.0316967787671904
48.459999992243,6110.33721923828,3595.62042989489, 99.0225737979737, 1023.08701330855, 0.0189930303822051
48.5799999922237,6111.33453369141,3616.99394586682, 99.3142375542061, 1028.23961557748, 0.0180952503879972
48.6799999922077,6112.23767089844,3634.73099921457, 99.5710330058924, 1032.52724395232, 0.020700660053517
48.7999999921885,6113.23797607422,3656.12913007755, 99.9017031718721, 1037.66518775195, 0.0290212431245924
48.8999999921725,6114.14385986328,3674.40567361563, 100.185227028633, 1041.96268917902, 0.0380886062882595
49.0199999921533,6115.14727783203,3695.82782321796, 100.600223407535, 1047.13973492061, 0.0670588132765516
49.1199999921373,6116.05541992188,3714.07915498409, 100.781421163682, 1051.47986634012, 0.0505354273133186
49.2399999921181,6117.06158447266,3735.53728144988, 101.230270168144, 1056.72047195693, 0.0870996984816462
49.3399999921021,6117.97229003906,3753.75183066353, 101.331644508704, 1061.11156430777, 0.0513034196534637
49.4599999920829,6118.98132324219,3775.81103005633, 101.715275572043, 1066.39911060633, 0.0714181886933947
49.5599999920669,6119.89501953125,3794.01049537212, 101.776648435237, 1070.79862393239, 0.0261223238010128
49.6799999920477,6120.90692138672,3816.09664200898, 102.053456376376, 1076.06003056312, 0.0207592824601015
49.7799999920317,6121.82305908203,3834.8335613329, 102.293565400708, 1080.4130340775, 0.0184999278504033
49.8999999920125,6122.83764648438,3856.93458983954, 102.620080374734, 1085.60700742277, 0.0248228252381669
49.9999999919964,6123.75598144531,3875.66803344525, 102.841608747248, 1089.91700784082, 0.018299536977521
50.1199999919772,6124.77368164063,3897.79334877804, 103.14192986153, 1095.05881387551, 0.0185091748173454
50.2199999919612,6125.69421386719,3916.49097149447, 103.418894022398, 1099.33793202073, 0.0252160983860194
50.339999991942,6126.71411132813,3939.22837975528, 103.783958041657, 1104.47340593417, 0.040599502310263
50.439999991926,6127.63745117188,3957.89842986874, 104.047789811051, 1108.76728194894, 0.043627062695448
50.5599999919068,6128.65966796875,3980.65258160792, 104.465850007363, 1113.93899160721, 0.0705086768364409
50.6599999918908,6129.58532714844,3999.8612921536, 104.599213117265, 1118.25866247144, 0.043134813616303
50.7799999918716,6130.61041259766,4022.65133379959, 104.948629233645, 1123.44676895447, 0.0543299279491684
50.8799999918556,6131.53820800781,4041.8555982504, 105.06489790355, 1127.753502675, 0.0231183793315285
50.9999999918364,6132.56604003906,4064.66002277564, 105.351170558542, 1132.90094809777, 0.0194919203638086
51.0999999918204,6133.49566650391,4083.82647423446, 105.602154924347, 1137.16124886613, 0.0191292400869443
51.2199999918012,6134.52563476563,4107.23348874785, 105.902557326435, 1142.25312033573, 0.0188954412392242
51.3199999917852,6135.45794677734,4126.37421679683, 106.172321305178, 1146.48711283641, 0.0232928513247039
51.4399999917659,6136.49047851563,4149.81757776998, 106.515994185848, 1151.55582029462, 0.0325356966682957
51.5399999917499,6137.42443847656,4169.50828793459, 106.796751445064, 1155.78943921671, 0.038929846274395
51.6599999917307,6138.45941162109,4192.96650227159, 107.2110128843, 1160.879441807, 0.0637623047688671
51.7599999917147,6139.39544677734,4212.64063440543, 107.384141660741, 1165.1348512977, 0.0457844070304565
51.8799999916955,6140.43243408203,4236.12590696942, 107.769431684278, 1170.24668365816, 0.0638355511622535
51.9799999916795,6141.37078857422,4255.76138497703, 107.895718338097, 1174.50360057628, 0.0354615819965139
52.0999999916603,6142.40991210938,4279.84914672002, 108.257968100312, 1179.61110458401, 0.0483005986249154
52.1999999916443,6143.35028076172,4299.46852174122, 108.463982224422, 1183.86785125251, 0.0373674653297264
52.3199999916251,6144.39184570313,4323.59304468799, 108.881003101077, 1188.99384747807, 0.0620550446894747
52.4199999916091,6145.33422851563,4343.74069004506, 109.054383988724, 1193.27349808163, 0.0438559695631042
52.5399999915899,6146.37756347656,4367.8919092631, 109.44515478194, 1198.41974722612, 0.0621151466384259
52.6399999915739,6147.32196044922,4388.02203394752, 109.567155543816, 1202.70982795294, 0.0327267718193804
52.7599999915547,6148.36761474609,4412.1994659612, 109.874890419342, 1207.8315895616, 0.0328366697507152
52.8599999915386,6149.31396484375,4432.87966764439, 110.081410835219, 1212.07955325815, 0.0220726908008574
52.9799999915194,6150.36181640625,4457.07430132665, 110.376747953674, 1217.13899296751, 0.0192838260093128
53.0799999915034,6151.30963134766,4477.72479864582, 110.636932564829, 1221.32587496068, 0.0203641177985394
53.1999999914842,6152.35949707031,4501.95626967307, 110.94823980839, 1226.30709714648, 0.0211977748960883
53.2999999914682,6153.30950927734,4522.57987584826, 111.19665791563, 1230.42027046114, 0.0195395762537058
53.419999991449,6154.36096191406,4547.41535698064, 111.502725290758, 1235.32734112965, 0.0193862579734551
53.519999991433,6155.31237792969,4568.58847606368, 111.803070629888, 1239.40040327369, 0.0289202664474423
53.6399999914138,6156.36602783203,4593.44965302106, 112.223491400896, 1244.30298119698, 0.0529904525242607
53.7399999913978,6157.31896972656,4614.01877702586, 112.482728902133, 1248.40283617574, 0.0534659104332918
53.8599999913786,6158.3740234375,4639.48398595303, 112.970402926412, 1253.35507984404, 0.0907266219826921
53.9599999913626,6159.32904052734,4660.02393905073, 113.057269906557, 1257.50610614079, 0.0548247158566254
54.0799999913434,6160.38568115234,4685.51570987143, 113.517973575403, 1262.49832766324, 0.0860348658610359
54.1799999913274,6161.34204101563,4706.59301236551, 113.613713148005, 1266.67552806672, 0.0517196324949
54.2999999913081,6162.40075683594,4732.11409981083, 114.031773511926, 1271.69023416846, 0.0737837051708025
54.3999999912921,6163.35900878906,4753.18446391076, 114.127713592705, 1275.86656394411, 0.0396000492380681
54.5199999912729,6164.41943359375,4778.72113293223, 114.454898145077, 1280.85753417595, 0.0427828603056708
54.6199999912569,6165.37872314453,4800.32901753765, 114.634897850127, 1284.99119419961, 0.0261781617885624
54.7399999912377,6166.44110107422,4825.90338166431, 114.937723341114, 1289.92189222451, 0.0241137987342504
54.8399999912217,6167.40209960938,4847.48427790497, 115.202312498248, 1294.00470514952, 0.0251166893360591
54.9599999912025,6168.46557617188,4873.66351292748, 115.547787915057, 1298.89216721131, 0.0318517998625715
55.0599999911865,6169.42797851563,4895.10220847465, 115.822336831105, 1302.95212948723, 0.0345582046654065
55.1799999911673,6170.49359130859,4921.24637586717, 116.223995587766, 1307.82562852476, 0.0525939594986698
55.2799999911513,6171.45727539063,4943.28986443393, 116.457804907384, 1311.89778484453, 0.0468690609686741
55.3999999911321,6172.52416992188,4969.47510861419, 116.902563587516, 1316.78543731503, 0.0729308597146425
55.4999999911161,6173.48931884766,4991.57159035373, 117.037128995551, 1320.86459393169, 0.0471467265195862
55.6199999910968,6174.5576171875,5017.82746026944, 117.41334238502, 1325.74529054478, 0.0592277954789534
55.7199999910808,6175.52362060547,5039.92480333708, 117.545644912118, 1329.79382894791, 0.0330983676062861
55.8399999910616,6176.59368896484,5066.77916969825, 117.844553124198, 1334.61573106402, 0.0294089049440443
55.9399999910456,6177.56103515625,5088.76993991062, 118.085249979747, 1338.59668649505, 0.025185233629916
56.0599999910264,6178.63244628906,5115.73115661554, 118.37993040358, 1343.3322741973, 0.0208573425291472
56.1599999910104,6179.60064697266,5138.45446500182, 118.648034862565, 1347.23133109267, 0.0218591216806754
56.2799999909912,6180.67303466797,5165.38128786907, 118.961173203293, 1351.8632060062, 0.0217077717205048
56.3799999909752,6181.64276123047,5187.78006330132, 119.247580706038, 1355.67986586588, 0.026133795730216
56.499999990956,6182.71630859375,5214.73131782748, 119.590669169868, 1360.23742372477, 0.0316430481482193
56.59999999094,6183.68725585938,5237.84638514649, 119.974738774525, 1364.03512123616, 0.0553873057018889
56.7199999909208,6184.76159667969,5264.83772725612, 120.473027507252, 1368.59591265184, 0.0906525929006921
56.8199999909048,6185.73315429688,5287.77078694291, 120.68059703182, 1372.41527196771, 0.0795520573736144
56.9399999908856,6186.82904052734,5315.34544106666, 121.186877527315, 1377.00675795929, 0.115474116187326
57.0399999908695,6187.78131103516,5338.24899704289, 121.271426662038, 1380.84092936849, 0.0807167009560115
57.1599999908503,6188.87847900391,5365.8530646544, 121.719202961337, 1385.43830121402, 0.105101599361591
57.2599999908343,6189.83111572266,5388.85497652087, 121.798023464313, 1389.2528985378, 0.0693558824337128
57.3799999908151,6190.90838623047,5416.49534115195, 122.121170219099, 1393.797514635, 0.0700362064682017
57.4799999907991,6191.88256835938,5439.90247817431, 122.305407474936, 1397.5427618603, 0.0545070118619536
57.5999999907799,6192.96087646484,5467.68412401713, 122.604664871058, 1401.99585879042, 0.0505992876279325
57.6999999907639,6193.93615722656,5491.07088462356, 122.966703564207, 1405.67112006312, 0.0686408858022981
57.8199999907447,6195.01483154297,5519.32335115504, 123.371509930292, 1410.06330837612, 0.0845181323051474
57.9199999907287,6196.01141357422,5547.51578427479, 123.731576112443, 1413.72372040308, 0.101789183027191
58.0399999907095,6197.09130859375,5571.08336497378, 124.229589001417, 1418.11022286677, 0.134471988845665
58.1399999906935,6198.06750488281,5599.71686933842, 124.394449952035, 1421.76544301783, 0.11533419424627
58.2599999906743,6199.14801025391,5623.2839437658, 124.789101388477, 1426.12543845301, 0.128677015870392
58.3599999906583,6200.12512207031,5652.03656472638, 124.92337899351, 1429.72788731244, 0.103838788872708
58.479999990639,6201.18524169922,5676.04762917291, 125.218611077576, 1434.00004607466, 0.0987846932194957
58.579999990623,6202.18341064453,5704.80075466447, 125.52544370039, 1437.51480076462, 0.105902188935169
58.6999999906038,6203.26483154297,5728.93051697034, 125.864021604385, 1441.69166069162, 0.108877088219479
58.7999999905878,6204.24279785156,5757.68411773443, 126.255766828544, 1445.14216902059, 0.131190145631476
58.9199999905686,6205.32476806641,5781.81395384204, 126.733753850275, 1449.27665681792, 0.158830259691312
59.0199999905526,6206.30316162109,5811.12850729376, 127.040760002518, 1452.71447092747, 0.165408256941272
59.1399999905334,6207.38549804688,5835.26622371934, 127.583513155633, 1456.84787104418, 0.203908981802047
59.2399999905174,6208.36376953125,5864.58022147603, 127.767522263316, 1460.30319028987, 0.18846745750501
59.3599999904982,6209.44653320313,5889.27261769772, 128.296389063973, 1464.44251922211, 0.223902854188339
59.4599999904822,6210.42535400391,5918.59608718008, 128.371053299378, 1467.88315456318, 0.189071382061971
59.579999990463,6211.50866699219,5943.28862955607, 128.723969825976, 1471.96752814754, 0.193597593870345
59.679999990447,6212.48748779297,5973.16553263925, 128.886272212877, 1475.32355634903, 0.174274898351825
59.7999999904278,6213.57055664063,5997.85698788986, 129.123885729605, 1479.27850776096, 0.158613984462076
59.8999999904117,6214.55010986328,6027.74224776495, 129.53290638461, 1482.51419437631, 0.182573161841778
60.0199999903925,6215.63348388672,6052.55346333981, 129.804083809392, 1486.3340772679, 0.17300911948484
60.1199999903765,6216.6123046875,6082.87284409627, 130.219064106255, 1489.45693455359, 0.197663510722457
60.2399999903573,6217.69616699219,6107.69157175254, 130.451184242833, 1493.13686871606, 0.181596252879483
60.3399999903413,6218.67498779297,6138.01136114262, 130.919658939635, 1496.14202856516, 0.215313685462292
60.4599999903221,6219.75830078125,6163.39273191616, 131.25869729384, 1499.69890080257, 0.217482540522208
60.5599999903061,6220.73712158203,6193.8323205933, 131.79549687566, 1502.64184089128, 0.262239014629047
60.6799999902869,6221.82043457031,6219.09366795514, 132.328794299904, 1506.15375267267, 0.29663314104173
60.7799999902709,6222.79864501953,6249.53247803077, 132.66388371904, 1509.08333224449, 0.306860892542525
60.8999999902517,6223.88128662109,6275.34784732293, 133.234963273641, 1512.59242858468, 0.346619661573742
60.9999999902357,6224.86010742188,6305.92260797415, 133.371782255543, 1515.51124520984, 0.323858640600135
61.1199999902165,6225.94232177734,6331.73848951887, 133.937674307362, 1519.00601387308, 0.362242751162423
61.2199999902004,6226.92022705078,6362.73912933655, 134.130034653824, 1521.91398965734, 0.348520730637205
61.3399999901812,6228.00225830078,6388.56308249012, 134.698135000156, 1525.40093873419, 0.386471911116245
61.4399999901652,6228.98052978516,6419.57217193116, 134.763643258182, 1528.2848633047, 0.352274673615511
61.559999990146,6230.06188964844,6445.50735396985, 135.145557458527, 1531.70948189189, 0.360135046593507
61.65999999013,6231.03948974609,6477.07896689326, 135.310287812862, 1534.5056147108, 0.34201923064516
61.7799999901108,6232.12042236328,6502.90239938162, 135.546150759531, 1537.7901425839, 0.326449395402474
61.8799999900948,6233.09729003906,6534.47354155686, 135.995273832251, 1540.46808351498, 0.3539593254578
61.9999999900756,6234.17791748047,6560.97069697268, 136.264390821571, 1543.60198290951, 0.344082272539255
62.0999999900596,6235.15411376953,6592.54174478911, 136.789628753494, 1546.15970771536, 0.383409155935367
62.2199999900404,6236.23382568359,6618.9277557265, 137.092471207673, 1549.15769621397, 0.378857617921525
62.3199999900244,6237.20916748047,6650.61823190749, 137.614305566758, 1551.61020199819, 0.417189048466214
62.4399999900052,6238.28851318359,6677.55737965368, 138.040778068776, 1554.50770111171, 0.43168498688802
62.5399999899892,6239.26306152344,6709.69107655901, 138.502013613732, 1556.89493726522, 0.459999081738093
62.6599999899699,6240.34130859375,6736.1964566214, 139.031064211511, 1559.73906537562, 0.489709362635675
62.7599999899539,6241.31536865234,6768.32873549405, 139.28445453263, 1562.08591146582, 0.485742348006203
62.8799999899347,6242.39239501953,6795.39616161771, 139.762401681174, 1564.8767250216, 0.507272292552376
62.9799999899187,6243.36547851563,6827.64849402662, 139.973827050188, 1567.16501224206, 0.49694649859485
63.0999999898995,6244.44140625,6854.59602735657, 140.397576608814, 1569.87185397815, 0.510183935184356
63.1999999898835,6245.41387939453,6887.29207529407, 140.734600080548, 1572.09719354874, 0.518669305348146
63.3199999898643,6246.48822021484,6914.793765679, 141.160684344159, 1574.71600198518, 0.531944362948495
63.4199999898483,6247.45971679688,6947.60800580215, 141.520335929812, 1576.86539517599, 0.543664853387278
63.5399999898291,6248.53356933594,6974.6834346354, 141.949068346952, 1579.3951375707, 0.556965197721578
63.6399999898131,6249.50323486328,7007.50630012434, 142.309053708723, 1581.46698735544, 0.568579786250997
63.7599999897939,6250.57598876953,7035.0071209278, 142.739267786957, 1583.9070223878, 0.581912892354875
63.8599999897779,6251.54498291016,7068.26506023295, 143.092661739381, 1585.9005997126, 0.592283565956935
63.9799999897587,6252.61608886719,7095.89397887606, 143.52338833158, 1588.25078783718, 0.605649335593126
64.0799999897426,6253.58367919922,7129.27890236583, 143.862727083746, 1590.16775595553, 0.613826869043458
64.1999999897234,6254.6533203125,7157.34244425409, 144.369309874876, 1592.43992121912, 0.637614497067071
64.2999999897074,6255.61962890625,7190.72727095988, 144.753472173033, 1594.30665403793, 0.651770154359982
64.4199999896882,6256.68798828125,7218.36401564255, 145.304953043539, 1596.52749125884, 0.68136355526453
64.5199999896722,6257.65307617188,7252.18311229814, 145.530713008591, 1598.35757123706, 0.673069705673973
64.639999989653,6258.71984863281,7280.37409435865, 145.962063852163, 1600.50225805581, 0.685454070700283
64.739999989637,6259.68347167969,7314.19309015293, 146.191879095253, 1602.24547793775, 0.677802847494287
64.8599999896178,6260.74877929688,7342.38409859501, 146.492525812967, 1604.26395822865, 0.672087831369606
64.9599999896018,6261.71051025391,7376.33105216548, 146.907069984487, 1605.8867065427, 0.690100750465773
65.0799999895826,6262.77392578125,7404.96440804377, 147.183848417982, 1607.7585217045, 0.681251119559311
65.1799999895666,6263.73455810547,7439.03079294786, 147.710394921492, 1609.25757135732, 0.714412196886561
65.2999999895474,6264.79626464844,7467.66356357373, 148.060721994161, 1610.99565401334, 0.715684801692017
65.3999999895314,6265.75677490234,7502.73603928089, 148.592753753057, 1612.39753543857, 0.749159956305678
65.5236816301549,6266.90057373047,7534.98800285161, 149.12653808527, 1614.31368188102, 0.772880888437589
65.6380663957825,6268.05200195313,7578.49729430489, 149.638104283036, 1616.0698758456, 0.796882295962675
65.7911425676575,6269.47106933594,7618.76209931821, 150.365354395916, 1618.38672571348, 0.833964978819601
65.9333495989049,6270.89892578125,7672.77917225286, 150.707182443446, 1620.46988457381, 0.824449538744155
66.1236718645232,6272.65863037109,7723.40859164391, 151.469488346418, 1623.1519036935, 0.851354648060062
66.3004882707755,6274.42846679688,7791.18271953426, 152.118740357094, 1625.56528977138, 0.86828240964132
66.5351074114005,6276.60601806641,7861.8863884965, 153.030174001709, 1628.37456424685, 0.897255853825328
66.7751074114058,6278.78326416016,7933.14368188102, 153.684928851415, 1630.85812602283, 0.891735941000175
67.015107411411,6280.955078125,8004.97047816403, 154.481590744973, 1633.06244102534, 0.90438428180061
67.2551074114162,6283.12139892578,8076.79784329887, 155.331197072795, 1634.95137442437, 0.923508414582458
67.4951074114215,6285.28259277344,8149.19397142436, 156.436124750779, 1636.64177664664, 0.973762939414811
67.7351074114267,6287.43743896484,8222.14690665156, 157.364952405945, 1638.206403149, 1.00139552653314
67.975107411432,6289.58666992188,8295.22504253313, 158.117508535195, 1639.65280811006, 1.00723115715179
68.2151074114372,6291.72937011719,8368.73755642958, 158.865016462465, 1640.91177383078, 1.01220474010071
68.4551074114424,6293.86602783203,8442.82038578019, 159.721143751055, 1642.0088026956, 1.02995067515069
68.6951074114477,6295.99664306641,8517.02374323551, 160.48563936325, 1642.92181645078, 1.03645298579992
68.9351074114529,6298.11999511719,8592.22266038228, 161.319489888903, 1643.67940534342, 1.05086990683877
69.1751074114582,6300.23699951172,8667.55064505897, 161.976158814691, 1644.24662375651, 1.04446337977562
69.4151074114634,6302.34680175781,8742.88253090531, 162.678047825408, 1644.59650126754, 1.04333432166244
69.6551074114686,6304.44995117188,8819.21582312044, 163.562464797544, 1644.73475134478, 1.06296065284506
69.8951074114739,6306.54541015625,8895.66519172769, 164.567809719555, 1644.79066715762, 1.09569565951237
70.1351074114791,6308.63372802734,8972.67916116957, 165.262149746899, 1644.7768860727, 1.09273134465483
70.3751074114844,6310.71453857422,9049.70613989048, 165.786663508748, 1644.62296468213, 1.07060154216272
70.6151074114896,6312.78802490234,9127.4089841377, 166.413904806526, 1644.21008933916, 1.05998756150662
70.8551074114948,6314.85333251953,9205.55393260904, 167.462859575505, 1643.62114296169, 1.09621199530953
71.0951074115001,6316.91052246094,9284.25210345071, 168.337781651643, 1642.94364843429, 1.11242866731711
71.3351074115053,6318.96032714844,9363.52124523558, 168.880449772596, 1642.14577443407, 1.09206021947227
71.5751074115105,6321.00122070313,9442.78919326235, 169.446647448641, 1641.09505486064, 1.0742486993068
71.8151074115158,6323.03448486328,9522.74509996548, 170.462869694418, 1639.84860007879, 1.10540677179131
72.055107411521,6325.05816650391,9603.13865155075, 171.408311300122, 1638.50068737339, 1.12809468801418
72.2951074115263,6327.07415771484,9683.65734190401, 171.990154331429, 1637.05135802038, 1.11164119523079
72.5351074115315,6329.08117675781,9764.73952349462, 172.497079570429, 1635.36013507187, 1.08713844591785
72.7751074115367,6331.07904052734,9846.81166686863, 173.46804768751, 1633.45751337739, 1.11196624240267
73.015107411542,6333.06768798828,9928.58301454689, 174.468178948914, 1631.43809579278, 1.1391779308671
73.2551074115472,6335.04730224609,10011.2317866068, 175.254980324273, 1629.3631099473, 1.1435812579875
73.4951074115525,6337.01806640625,10094.0003396152, 175.726848426057, 1627.13251007681, 1.11506720119392
73.7351074115577,6338.97875976563,10177.3368379408, 176.390030378021, 1624.68256358855, 1.10656981568729
73.9751074115629,6340.92987060547,10261.2297218842, 177.255239377828, 1622.0112332683, 1.11864018017675
74.2151074115682,6342.87121582031,10345.6838457892, 178.005052978649, 1619.16442084819, 1.11882042858377
74.4551074115734,6344.80297851563,10430.2647513552, 178.653859156332, 1616.07320768047, 1.10862047244499
74.6951074115786,6346.72448730469,10515.841972867, 179.702182228903, 1612.80963813428, 1.13875673189888
74.9351074115839,6348.63555908203,10601.4276866624, 180.626034370415, 1609.44686422329, 1.1557037250515
75.1751074115891,6350.53637695313,10687.1420964394, 181.455148235122, 1606.03420405656, 1.16271977300399
75.4151074115944,6352.42712402344,10773.9622743269, 181.965372066582, 1602.499326867, 1.13784905732544
75.6551074115996,6354.30688476563,10860.8001070973, 182.5369052436, 1598.77142164293, 1.11906705148229
75.8951074116048,6356.17584228516,10948.6347115161, 183.27727399862, 1594.81930641631, 1.11690916538965
76.1351074116101,6358.03369140625,11036.589141354, 184.230989639379, 1590.68998283158, 1.13559731552284
76.3751074116153,6359.88104248047,11124.5565828346, 184.785721222638, 1586.33373445088, 1.11513240598544
76.6151074116206,6361.71740722656,11213.6344349505, 185.766815329699, 1581.78298052476, 1.13614447342462
76.8551074116258,6363.54144287109,11303.2734887181, 186.7596171778, 1577.10911206839, 1.15764451262942
77.095107411631,6365.35528564453,11392.9284132719, 187.661691173381, 1572.3842467727, 1.16991863960252
77.3351074116363,6367.15692138672,11483.2586009316, 188.234139140928, 1567.56464895455, 1.15061220585062
77.5751074116415,6368.94696044922,11574.0292593986, 188.768348083338, 1562.59446584291, 1.12763094488577
77.8151074116468,6370.72564697266,11665.3628501203, 189.404339044923, 1557.38337771523, 1.11421884767363
78.055107411652,6372.49194335938,11756.824183437, 190.461530268758, 1552.00767306599, 1.14043218483606
78.2951074116572,6374.24688720703,11849.2884191787, 191.38779863356, 1546.50417112719, 1.15378678706338
78.5351074116625,6375.98950195313,11941.8738286039, 192.170443581927, 1540.91722053679, 1.15357598129071
78.7751074116677,6377.71942138672,12035.019252724, 192.581128709756, 1535.1575019486, 1.11880160739597
79.0151074116729,6379.43743896484,12128.729451213, 193.264929378387, 1529.17702671185, 1.10942578985956
79.2551074116782,6381.14312744141,12222.9991382742, 194.226889077863, 1522.98125657039, 1.12544644448962
79.4951074116834,6382.83587646484,12317.7135688886, 195.377853633484, 1516.69081330627, 1.15820169886481
79.7351074116887,6384.51635742188,12412.6726017315, 195.971585796811, 1510.30508335715, 1.14007800998428
79.9751074116939,6386.18365478516,12508.6319698105, 196.429568868243, 1503.75295022751, 1.10973994572884
80.2151074116991,6387.83831787109,12604.5953806955, 197.126677247511, 1496.96583651275, 1.10106330166306
80.4551074117044,6389.47991943359,12701.2387404256, 198.210732840163, 1490.02097460284, 1.12692385452446
80.6951074117096,6391.10827636719,12798.3276669569, 199.198066580216, 1482.97044427131, 1.14359381913784
80.9351074117149,6392.72344970703,12896.0996824307, 199.893133982719, 1475.83957071443, 1.13412057231535
81.1751074117201,6394.32537841797,12994.3108600006, 200.523691293774, 1468.56790402259, 1.1188361735874
81.4151074117253,6395.91381835938,13092.7799140159, 201.363989578901, 1461.17044877848, 1.12187453286463
81.6551074117306,6397.48883056641,13192.1180999298, 202.08497372573, 1453.63222358578, 1.11426224772899
81.8951074117358,6399.05078125,13291.5811635833, 202.931141356366, 1445.97201664585, 1.11744512327231
82.135107411741,6400.59881591797,13392.1599614043, 203.657561123749, 1438.173961968, 1.11007885974268
82.3751074117463,6402.13323974609,13492.7482016589, 204.503073786098, 1430.25688238865, 1.11281119834474
82.6151074117515,6403.65356445313,13593.9066999787, 205.225492485715, 1422.20665765816, 1.10477831749175
82.8551074117568,6405.16052246094,13695.7382492367, 206.074955586159, 1414.04228996857, 1.10753353021531
83.095107411762,6406.6533203125,13798.0214784713, 206.767098569453, 1405.74483720184, 1.0966527166113
83.3351074117672,6408.13214111328,13900.9746614303, 207.398810140359, 1397.29863608617, 1.08075441262202
83.5751074117725,6409.59686279297,14004.3814141089, 208.247254576033, 1388.68354552046, 1.08311974909407
83.8151074117777,6411.04791259766,14108.3432539003, 209.450362650474, 1379.98569864094, 1.11486911841259
84.055107411783,6412.48461914063,14212.5580004798, 210.318405708413, 1371.23917465411, 1.11807097304792
84.2951074117882,6413.90765380859,14317.6505732303, 211.261720506448, 1362.48433731563, 1.12707616227389
84.5351855367917,6415.34161376953,14429.1749169165, 211.569521546703, 1353.72714539734, 1.08323994445117
84.793056630544,6416.91961669922,14555.0277192798, 212.068243235668, 1344.17909247141, 1.04919178802138
85.0834765524196,6418.67498779297,14697.6929316567, 212.843478650882, 1333.11593545011, 1.02870657365531
85.4105370992984,6420.62072753906,14856.9309736965, 214.366758080562, 1320.33961255107, 1.05915810355671
85.76847655241,6422.62359619141,15019.537576844, 215.763609778206, 1306.09670210627, 1.07051348793675
86.128476552396,6424.59252929688,15183.3936136346, 217.907767910457, 1291.65678846297, 1.14011843168846
86.4884765523821,6426.52838134766,15348.4960408332, 219.050387252032, 1277.1906483398, 1.12907335231338
86.8484765523681,6428.43115234375,15515.1622484196, 219.158696183223, 1262.45620144776, 1.03656867482341
87.2084765523541,6430.30010986328,15682.9626315348, 220.674066174052, 1247.41166736131, 1.05531591059247
87.5684765523401,6432.13555908203,15852.005500461, 222.679725012997, 1232.26735866806, 1.1110654963901
87.9284765523262,6433.93621826172,16022.1731240992, 223.189641793928, 1217.02096442519, 1.05060330118294
88.2884765523122,6435.703125,16193.5986409932, 224.150522520498, 1201.54209973049, 1.025044504926
88.6484765522982,6437.435546875,16364.8883323912, 226.119436795716, 1185.97093966943, 1.07640680089771
89.0016894429136,6438.91522216797,16492.4111314118, 227.032729375919, 1169.85591262067, 1.04938288004206
89.245156239791,6439.91937255859,16586.6738206558, 227.153525780711, 1159.97072472273, 0.995300391865649
89.4224804585319,6440.53405761719,16635.0589398602, 228.044163458902, 1152.2681217863, 1.0169146775962
89.5224804585159,6441.01196289063,16693.6992420545, 227.691536123107, 1147.94408403197, 0.962455927694628
89.6424804584967,6441.53637695313,16742.5251104934, 228.346306594974, 1142.75170635697, 0.978978320617959
89.7424804584807,6442.00769042969,16801.7282466022, 228.181943838287, 1138.42063592618, 0.938674222931215
89.8624804584615,6442.52600097656,16850.5553349899, 228.837314055125, 1133.21683887443, 0.955211783009469
89.9624804584455,6442.99133300781,16909.7646538643, 228.891530561329, 1128.8741986315, 0.931568832816436
90.0824804584263,6443.50250244141,16959.2746006725, 229.514693045425, 1123.65807536127, 0.945570406639183
90.1824804584103,6443.96142578125,17018.4844536539, 229.476897700391, 1119.30219349226, 0.914915076062322
90.3024804583911,6444.46606445313,17068.4295798885, 229.875515537229, 1114.06421699384, 0.911839223380903
90.4024804583751,6444.91961669922,17127.7554415688, 230.104868134692, 1109.69065262805, 0.901504827538433
90.5224804583559,6445.4169921875,17177.709255863, 230.600735521846, 1104.42931529673, 0.905839371050705
90.6224804583399,6445.8642578125,17237.5987741258, 231.081565968594, 1100.04335705019, 0.914502095680145
90.7424804583206,6446.35510253906,17287.5523319021, 231.923946533036, 1094.78152582636, 0.944675349825708
90.8424804583046,6446.79638671875,17347.882238552, 232.136145109431, 1090.40416079852, 0.933008984927018
90.9624804582854,6447.28021240234,17398.3989728531, 233.167591912064, 1085.16114949192, 0.97670103342518
91.0624804582694,6447.71539306641,17458.8512861906, 232.934864926443, 1080.80041897067, 0.931936395702396
91.1824804582502,6448.19366455078,17509.3654803792, 233.782900178925, 1075.57528931401, 0.961800964359538
91.2824804582342,6448.62200927734,17570.3803671189, 233.252988744798, 1071.21806568683, 0.89487736977552
91.402480458215,6449.09326171875,17620.89692894, 233.689287929193, 1065.98467526265, 0.894246231589033
91.502480458199,6449.51617431641,17681.914390225, 233.686972611754, 1061.6125357831, 0.866418719374194
91.6224804581798,6449.98077392578,17733.1131422855, 234.087542096746, 1056.35890569189, 0.863144510063642
91.7224804581638,6450.39758300781,17794.5670065675, 234.585177423275, 1051.98014772218, 0.872665208783322
91.8424804581446,6450.85534667969,17845.764869892, 235.374124793063, 1046.7257697691, 0.898118716544256
91.9424804581286,6451.26654052734,17907.2307941681, 235.758517840135, 1042.35771955148, 0.899010622685572
92.0624804581093,6451.71765136719,17958.5546578243, 236.834966651146, 1037.12791253886, 0.944922072607039
92.1624804580933,6452.12274169922,18020.5721127586, 236.700011464502, 1032.78417185373, 0.907734958285626
92.2824804580741,6452.56768798828,18072.3326059822, 237.877923454077, 1027.5877963914, 0.96049690219411
92.3824804580581,6452.96685791016,18134.4785895348, 237.362608733615, 1023.26817644446, 0.895694815436834
92.5024804580389,6453.40545654297,18186.6778815882, 238.119632069946, 1018.0912510573, 0.917835025100233
92.6024804580229,6453.79876708984,18248.8230199469, 237.497910057332, 1013.77322096093, 0.844880521018311
92.7224804580037,6454.23065185547,18301.152842069, 237.739702152469, 1008.58276045357, 0.829486536412976
92.8224804579877,6454.6181640625,18363.8517837813, 237.909417760168, 1004.24527129513, 0.814331925289149
92.9424804579685,6455.04418945313,18416.6223246846, 238.159414101469, 999.032426362776, 0.799623336533134
93.0424804579525,6455.42590332031,18479.3296527304, 238.753401856467, 994.683690554233, 0.815750164354791
93.1624804579333,6455.84490966797,18532.2125710426, 238.958656104435, 989.453257629716, 0.797807183868315
93.2624804579173,6456.22088623047,18595.4825120978, 239.413429730087, 985.08772621985, 0.803696915922463
93.3824804578981,6456.6337890625,18648.3717263574, 239.730927560877, 979.841004572257, 0.794069794527679
93.482480457882,6457.00402832031,18712.2061273847, 240.495478834794, 975.470088021407, 0.822484532408722
93.6024804578628,6457.41088867188,18765.5302083688, 241.388791120348, 970.235032360256, 0.854401352759342
93.7024804578468,6457.77551269531,18829.4892259417, 241.77998521243, 965.886390303083, 0.85536765108798
93.8224804578276,6458.17608642578,18882.9394766521, 242.996486444569, 960.69041008418, 0.909585034477218
93.9224804578116,6458.53515625,18946.7719269898, 242.534448985069, 956.374968662433, 0.849696636377869
94.0424804577924,6458.92932128906,19000.7880859282, 243.618593452212, 951.216460862775, 0.894214180761006
94.1424804577764,6459.28302001953,19065.178524673, 243.103386967439, 946.928277769715, 0.830488966719941
94.2624804577572,6459.67095947266,19119.1920370134, 243.814862811451, 941.792806513959, 0.848551760927244
94.3624804577412,6460.01904296875,19184.1492536841, 243.43444740491, 937.517876335317, 0.79416277841591
94.482480457722,6460.40124511719,19238.1743040122, 243.805796337897, 932.383772817184, 0.788013652207319
94.582480457706,6460.74377441406,19303.2454615841, 244.034081735353, 928.106148430211, 0.777095847231
94.7024804576868,6461.11962890625,19357.823260298, 244.56101821178, 922.972907459113, 0.782078203071579
94.8024804576708,6461.45703125,19422.9034019727, 245.119884503627, 918.702697198836, 0.794700632100631
94.9224804576515,6461.82666015625,19477.4920825986, 246.109552015585, 913.592210540326, 0.832202187102921
95.0224804576355,6462.15863037109,19543.5695168357, 246.240837448317, 909.347842026173, 0.814371562013294
95.1424804576163,6462.52319335938,19598.1534292642, 247.440773671844, 904.27544346364, 0.865942482357813
95.2424804576003,6462.84973144531,19664.3539467435, 247.069616613449, 900.064545242313, 0.813027592247629
95.3624804575811,6463.2080078125,19719.4920752151, 248.209423323669, 895.032924468021, 0.860054831012186
95.4624804575651,6463.52966308594,19785.6991492948, 247.54243681745, 890.849493899251, 0.786458049834255
95.5824804575459,6463.88208007813,19841.4106987966, 248.095856634789, 885.836545111825, 0.792610985899208
95.6824804575299,6464.19805908203,19908.0448736269, 247.733981548087, 881.660524659035, 0.73997159544317
95.8024804575107,6464.54516601563,19963.7557109119, 247.911388053841, 876.641635770447, 0.719773160709511
95.9024804574947,6464.85638427734,20030.5258372203, 248.373171911137, 872.457385258798, 0.725137578691361
96.0224804574755,6465.19805908203,20086.3525186498, 248.676513446646, 867.433067653189, 0.713882543791842
96.1224804574595,6465.50433349609,20153.5649476741, 249.324878337554, 863.24768951979, 0.73236253525703
96.2424804574403,6465.84002685547,20209.9472080832, 249.978400421056, 858.231274763359, 0.745634584247901
96.3424804574242,6466.14141845703,20277.2860799208, 250.522868055923, 854.060789762955, 0.756551679031891
96.462480457405,6466.47174072266,20334.1119896928, 251.572335699548, 849.074162077862, 0.796760850899227
96.562480457389,6466.76782226563,20401.8863776736, 251.430059070876, 844.931833050734, 0.760125577147307
96.6824804573698,6467.09283447266,20458.2827746775, 252.370113891699, 839.9785093285, 0.792519292372046
96.7824804573538,6467.38397216797,20526.7407911811, 251.909001804553, 835.858737496726, 0.733893769142072
96.9024804573346,6467.70397949219,20583.5697605787, 252.37084395259, 830.922210103814, 0.733462742134649
97.0024804573186,6467.990234375,20652.0258500697, 252.282610268033, 826.812355948903, 0.700352874224755
